hood,zipcode
Acton,93550
Angeles Crest,93550
Palmdale,93550
Southeast Antelope Valley,93550
Tujunga Canyons,93550
Acton,93510
Agua Dulce,93510
Angeles Crest,93510
Palmdale,93510
Southeast Antelope Valley,93510
Tujunga Canyons,93510
Acton,93551
Castaic Canyons,93551
Desert View Highlands,93551
Elizabeth Lake,93551
Lancaster,93551
Leona Valley,93551
Northwest Antelope Valley,93551
Northwest Palmdale,93551
Palmdale,93551
Quartz Hill,93551
Southeast Antelope Valley,93551
Acton,91390
Agua Dulce,91390
Castaic Canyons,91390
Elizabeth Lake,91390
Green Valley,91390
Leona Valley,91390
Palmdale,91390
Santa Clarita,91390
Tujunga Canyons,91390
Adams-Normandie,90007
Downtown,90007
Exposition Park,90007
Harvard Heights,90007
Historic South-Central,90007
Pico-Union,90007
University Park,90007
Adams-Normandie,90018
Arlington Heights,90018
Baldwin Hills/Crenshaw,90018
Exposition Park,90018
Harvard Heights,90018
Jefferson Park,90018
Leimert Park,90018
Mid-City,90018
Pico-Union,90018
West Adams,90018
Agoura Hills,91301
Calabasas,91301
Unincorporated Santa Monica Mountains,91301
Westlake Village,91301
Agoura Hills,91361
Unincorporated Santa Monica Mountains,91361
Westlake Village,91361
Agoura Hills,91377
Agoura Hills,91362
Westlake Village,91362
Agua Dulce,91387
Castaic Canyons,91387
Santa Clarita,91387
Tujunga Canyons,91387
Alhambra,91775
Arcadia,91775
East Pasadena,91775
East San Gabriel,91775
San Gabriel,91775
San Marino,91775
Temple City,91775
Alhambra,91108
East Pasadena,91108
East San Gabriel,91108
Pasadena,91108
San Gabriel,91108
San Marino,91108
San Pasqual,91108
South Pasadena,91108
Alhambra,91755
Montebello,91755
Monterey Park,91755
Rosemead,91755
San Gabriel,91755
South San Gabriel,91755
Alhambra,91754
East Los Angeles,91754
El Sereno,91754
Monterey Park,91754
Alhambra,91803
El Sereno,91803
Monterey Park,91803
Alhambra,90032
Boyle Heights,90032
East Los Angeles,90032
El Sereno,90032
Lincoln Heights,90032
Montecito Heights,90032
Monterey Park,90032
South Pasadena,90032
Alhambra,91776
East San Gabriel,91776
Monterey Park,91776
Rosemead,91776
San Gabriel,91776
Temple City,91776
Alhambra,91801
El Sereno,91801
Monterey Park,91801
San Gabriel,91801
San Marino,91801
South Pasadena,91801
Alhambra,91030
El Sereno,91030
Highland Park,91030
Montecito Heights,91030
Pasadena,91030
San Marino,91030
South Pasadena,91030
Aliso and Wood Regional Park,92677
Aliso Viejo,92677
Dana Point,92677
Laguna Beach,92677
Laguna Hills,92677
Laguna Niguel,92677
Mission Viejo,92677
San Juan Capistrano,92677
Aliso and Wood Regional Park,92651
Aliso Viejo,92651
Dana Point,92651
Emerald Bay,92651
Laguna Beach,92651
Laguna Coast Wilderness Park,92651
Laguna Niguel,92651
Laguna Woods,92651
Newport Beach,92651
Aliso and Wood Regional Park,92656
Aliso Viejo,92656
Laguna Beach,92656
Laguna Hills,92656
Laguna Niguel,92656
Laguna Woods,92656
Aliso and Wood Regional Park,92603
Irvine,92603
Laguna Beach,92603
Laguna Coast Wilderness Park,92603
Newport Beach,92603
Aliso Viejo,92653
Irvine,92653
Laguna Hills,92653
Laguna Niguel,92653
Laguna Woods,92653
Lake Forest,92653
Mission Viejo,92653
Aliso Viejo,92637
Irvine,92637
Laguna Beach,92637
Laguna Coast Wilderness Park,92637
Laguna Hills,92637
Laguna Woods,92637
Lake Forest,92637
Alondra Park,90504
Gardena,90504
Harbor Gateway,90504
Lawndale,90504
Redondo Beach,90504
Torrance,90504
Alondra Park,90506
Gardena,90506
Torrance,90506
Alondra Park,90260
Hawthorne,90260
Lawndale,90260
Manhattan Beach,90260
Redondo Beach,90260
Torrance,90260
Alondra Park,90249
Athens,90249
Gardena,90249
Hawthorne,90249
Torrance,90249
Alondra Park,90250
Athens,90250
Del Aire,90250
El Segundo,90250
Gardena,90250
Hawthorne,90250
Inglewood,90250
Lawndale,90250
Lennox,90250
Manhattan Beach,90250
Westchester,90250
Westmont,90250
Altadena,91107
Angeles Crest,91107
Arcadia,91107
East Pasadena,91107
East San Gabriel,91107
Pasadena,91107
San Marino,91107
San Pasqual,91107
Sierra Madre,91107
Altadena,91104
Pasadena,91104
Altadena,91103
Glendale,91103
La Canada Flintridge,91103
Pasadena,91103
Altadena,91001
Angeles Crest,91001
Pasadena,91001
Anaheim,92868
Garden Grove,92868
Orange,92868
Santa Ana,92868
Anaheim,92841
Cypress,92841
Garden Grove,92841
Stanton,92841
Westminster,92841
Anaheim,92840
Garden Grove,92840
Orange,92840
Anaheim,90680
Cypress,90680
Garden Grove,90680
Stanton,90680
Anaheim,92804
Buena Park,92804
Cypress,92804
Garden Grove,92804
Stanton,92804
Anaheim,92802
Garden Grove,92802
Orange,92802
Anaheim,92867
Orange,92867
Silverado Canyon,92867
Villa Park,92867
Anaheim,90630
Buena Park,90630
Cypress,90630
Garden Grove,90630
Hawaiian Gardens,90630
Lakewood,90630
La Palma,90630
Long Beach,90630
Los Alamitos,90630
Stanton,90630
Anaheim,92805
Fullerton,92805
Anaheim,92865
Orange,92865
Anaheim,92806
Fullerton,92806
Orange,92806
Placentia,92806
Anaheim,90620
Buena Park,90620
Cerritos,90620
Cypress,90620
La Mirada,90620
La Palma,90620
Anaheim,92801
Buena Park,92801
Fullerton,92801
Anaheim,92807
Orange,92807
Placentia,92807
Silverado Canyon,92807
Yorba Linda,92807
Anaheim,92808
Silverado Canyon,92808
Yorba Linda,92808
Anaheim,92832
Fullerton,92832
Anaheim,90621
Buena Park,90621
Fullerton,90621
La Mirada,90621
Anaheim,92831
Fullerton,92831
Placentia,92831
Anaheim,92833
Buena Park,92833
Fullerton,92833
La Mirada,92833
Anaheim,92870
Brea,92870
Fullerton,92870
Placentia,92870
Yorba Linda,92870
Anaheim,92887
Yorba Linda,92887
Anaheim,92886
Brea,92886
Placentia,92886
Yorba Linda,92886
Anaheim,92880
Cleveland National Forest,92880
Silverado Canyon,92880
Yorba Linda,92880
Angeles Crest,91773
Charter Oak,91773
Covina,91773
Glendora,91773
La Verne,91773
Pomona,91773
San Dimas,91773
West Covina,91773
Angeles Crest,91711
Claremont,91711
Pomona,91711
Angeles Crest,91784
Angeles Crest,91750
Claremont,91750
Glendora,91750
La Verne,91750
Pomona,91750
San Dimas,91750
Angeles Crest,91741
Azusa,91741
Glendora,91741
San Dimas,91741
Angeles Crest,91702
Azusa,91702
Citrus,91702
Covina,91702
Duarte,91702
Glendora,91702
Irwindale,91702
Southeast Antelope Valley,91702
Vincent,91702
Angeles Crest,91759
Claremont,91759
Angeles Crest,92397
Southeast Antelope Valley,92397
Angeles Crest,93563
Southeast Antelope Valley,93563
Angeles Crest,93553
Northeast Antelope Valley,93553
Southeast Antelope Valley,93553
Angeles Crest,93543
Littlerock,93543
Northeast Antelope Valley,93543
Palmdale,93543
Southeast Antelope Valley,93543
Sun Village,93543
Angeles Crest,93552
Lancaster,93552
Palmdale,93552
Southeast Antelope Valley,93552
Sun Village,93552
Arcadia,91007
East San Gabriel,91007
Temple City,91007
Arcadia,91006
El Monte,91006
Irwindale,91006
Mayflower Village,91006
Monrovia,91006
North El Monte,91006
Pasadena,91006
Sierra Madre,91006
Arcadia,91016
Bradbury,91016
Duarte,91016
Irwindale,91016
Mayflower Village,91016
Monrovia,91016
Arcadia,91024
Pasadena,91024
Sierra Madre,91024
Arcadia,91732
Avocado Heights,91732
El Monte,91732
Industry,91732
Irwindale,91732
Monrovia,91732
South El Monte,91732
Arcadia,91731
El Monte,91731
Rosemead,91731
South El Monte,91731
Temple City,91731
Arcadia,91706
Azusa,91706
Baldwin Park,91706
El Monte,91706
Industry,91706
Irwindale,91706
Monrovia,91706
Vincent,91706
West Covina,91706
West Puente Valley,91706
Arcadia,91780
East San Gabriel,91780
El Monte,91780
North El Monte,91780
Rosemead,91780
San Gabriel,91780
Temple City,91780
Arleta,91402
North Hills,91402
Panorama City,91402
Sun Valley,91402
Van Nuys,91402
Arleta,91352
Burbank,91352
Hansen Dam,91352
Pacoima,91352
Shadow Hills,91352
Sun Valley,91352
Tujunga,91352
Arleta,91331
Hansen Dam,91331
Lake View Terrace,91331
Pacoima,91331
Panorama City,91331
Shadow Hills,91331
Sun Valley,91331
Sylmar,91331
Arleta,91345
Granada Hills,91345
Mission Hills,91345
North Hills,91345
Pacoima,91345
Panorama City,91345
Sylmar,91345
Arlington Heights,90016
Baldwin Hills/Crenshaw,90016
Culver City,90016
Jefferson Park,90016
Leimert Park,90016
Mid-City,90016
West Adams,90016
Arlington Heights,90019
Carthay,90019
Harvard Heights,90019
Koreatown,90019
Mid-City,90019
Mid-Wilshire,90019
Artesia,90701
Cerritos,90701
Artesia,90703
Bellflower,90703
Buena Park,90703
Cerritos,90703
Lakewood,90703
La Palma,90703
Norwalk,90703
Santa Fe Springs,90703
Athens,90247
Gardena,90247
Harbor Gateway,90247
Torrance,90247
Athens,90044
Gramercy Park,90044
Harbor Gateway,90044
Harvard Park,90044
Manchester Square,90044
Vermont Knolls,90044
Vermont-Slauson,90044
Vermont Vista,90044
Westmont,90044
Athens,90047
Chesterfield Square,90047
Gardena,90047
Gramercy Park,90047
Harvard Park,90047
Hawthorne,90047
Hyde Park,90047
Inglewood,90047
Manchester Square,90047
Vermont Knolls,90047
Vermont-Slauson,90047
Westmont,90047
Atwater Village,90039
Cypress Park,90039
Echo Park,90039
Elysian Valley,90039
Glassell Park,90039
Glendale,90039
Griffith Park,90039
Los Feliz,90039
Silver Lake,90039
Atwater Village,90065
Cypress Park,90065
Eagle Rock,90065
Elysian Park,90065
Glassell Park,90065
Glendale,90065
Highland Park,90065
Lincoln Heights,90065
Montecito Heights,90065
Mount Washington,90065
Atwater Village,90027
Burbank,90027
East Hollywood,90027
Glendale,90027
Griffith Park,90027
Los Feliz,90027
Silver Lake,90027
Atwater Village,91204
Glassell Park,91204
Glendale,91204
Atwater Village,91201
Burbank,91201
Glendale,91201
Griffith Park,91201
Avalon,90704
Unincorporated Catalina Island,90704
Avocado Heights,91745
Hacienda Heights,91745
Industry,91745
La Habra Heights,91745
North Whittier,91745
Rowland Heights,91745
Whittier,91745
Avocado Heights,90601
El Monte,90601
Hacienda Heights,90601
Industry,90601
North Whittier,90601
Pico Rivera,90601
South El Monte,90601
West Whittier-Los Nietos,90601
Whittier,90601
Whittier Narrows,90601
Avocado Heights,91744
Industry,91744
La Puente,91744
South San Jose Hills,91744
Valinda,91744
West Covina,91744
West Puente Valley,91744
Avocado Heights,91746
Baldwin Park,91746
El Monte,91746
Hacienda Heights,91746
Industry,91746
La Puente,91746
North Whittier,91746
West Covina,91746
West Puente Valley,91746
Avocado Heights,91733
El Monte,91733
Industry,91733
Montebello,91733
Pico Rivera,91733
Rosemead,91733
South El Monte,91733
South San Gabriel,91733
Whittier,91733
Whittier Narrows,91733
Azusa,91740
Charter Oak,91740
Citrus,91740
Covina,91740
Glendora,91740
San Dimas,91740
Azusa,91010
Bradbury,91010
Duarte,91010
Irwindale,91010
Mayflower Village,91010
Monrovia,91010
Azusa,91722
Charter Oak,91722
Citrus,91722
Covina,91722
Glendora,91722
Irwindale,91722
Vincent,91722
West Covina,91722
Baldwin Hills/Crenshaw,90043
Chesterfield Square,90043
Hyde Park,90043
Inglewood,90043
Ladera Heights,90043
Leimert Park,90043
Manchester Square,90043
View Park-Windsor Hills,90043
Baldwin Hills/Crenshaw,90008
Culver City,90008
Exposition Park,90008
Hyde Park,90008
Ladera Heights,90008
Leimert Park,90008
Vermont Square,90008
View Park-Windsor Hills,90008
Baldwin Hills/Crenshaw,90232
Culver City,90232
Ladera Heights,90232
Mid-City,90232
Palms,90232
West Adams,90232
Baldwin Park,91790
Covina,91790
Irwindale,91790
La Puente,91790
Valinda,91790
Vincent,91790
West Covina,91790
West Puente Valley,91790
Bel-Air,90024
Beverly Crest,90024
Beverly Hills,90024
Century City,90024
Veterans Administration,90024
West Los Angeles,90024
Westwood,90024
Bel-Air,90095
Westwood,90095
Bel-Air,90049
Brentwood,90049
Encino,90049
Pacific Palisades,90049
Santa Monica,90049
Sawtelle,90049
Veterans Administration,90049
Westwood,90049
Bel-Air,90077
Beverly Crest,90077
Beverly Hills,90077
Brentwood,90077
Encino,90077
Sherman Oaks,90077
Westwood,90077
Bel-Air,91403
Beverly Crest,91403
Brentwood,91403
Encino,91403
Sherman Oaks,91403
Bellflower,90712
Lakewood,90712
Long Beach,90712
Bellflower,90713
Cerritos,90713
Lakewood,90713
Long Beach,90713
Bellflower,90805
Carson,90805
Compton,90805
Lakewood,90805
Long Beach,90805
Paramount,90805
Rancho Dominguez,90805
Bellflower,90706
Cerritos,90706
Downey,90706
Lakewood,90706
Long Beach,90706
Norwalk,90706
Paramount,90706
Bellflower,90723
Compton,90723
Downey,90723
East Compton,90723
Long Beach,90723
Lynwood,90723
Paramount,90723
South Gate,90723
Bellflower,90650
Cerritos,90650
Downey,90650
Norwalk,90650
Santa Fe Springs,90650
Bellflower,90242
Downey,90242
Norwalk,90242
Paramount,90242
South Gate,90242
Bell Gardens,90280
Cudahy,90280
Downey,90280
Huntington Park,90280
Lynwood,90280
Paramount,90280
South Gate,90280
Walnut Park,90280
Bell Gardens,90241
Downey,90241
Norwalk,90241
Santa Fe Springs,90241
South Gate,90241
Bell Gardens,90240
Commerce,90240
Downey,90240
Pico Rivera,90240
Santa Fe Springs,90240
Bell Gardens,90201
Bell,90201
Commerce,90201
Cudahy,90201
Downey,90201
Huntington Park,90201
South Gate,90201
Vernon,90201
Bell Gardens,90270
Bell,90270
Commerce,90270
Huntington Park,90270
Maywood,90270
Vernon,90270
Bell Gardens,90040
Bell,90040
Commerce,90040
Downey,90040
East Los Angeles,90040
Montebello,90040
Pico Rivera,90040
Vernon,90040
Bell,90255
Cudahy,90255
Florence-Firestone,90255
Huntington Park,90255
Maywood,90255
South Gate,90255
Vernon,90255
Walnut Park,90255
Bell,90058
Boyle Heights,90058
Central-Alameda,90058
Commerce,90058
Downtown,90058
Florence-Firestone,90058
Huntington Park,90058
Maywood,90058
Vernon,90058
Beverly Crest,90210
Beverly Grove,90210
Beverly Hills,90210
Hollywood Hills West,90210
Sherman Oaks,90210
Studio City,90210
West Hollywood,90210
Westwood,90210
Beverly Crest,90046
Beverly Grove,90046
Beverly Hills,90046
Fairfax,90046
Hollywood Hills,90046
Hollywood Hills West,90046
Hollywood,90046
Studio City,90046
West Hollywood,90046
Beverly Crest,91604
Hollywood Hills West,91604
Sherman Oaks,91604
Studio City,91604
Toluca Lake,91604
Universal City,91604
Valley Village,91604
Beverly Crest,91423
Sherman Oaks,91423
Studio City,91423
Valley Village,91423
Beverly Grove,90211
Beverly Hills,90211
Carthay,90211
Pico-Robertson,90211
Beverly Grove,90036
Carthay,90036
Fairfax,90036
Hancock Park,90036
Hollywood,90036
Mid-Wilshire,90036
Beverly Grove,90048
Beverly Hills,90048
Carthay,90048
Fairfax,90048
Mid-Wilshire,90048
West Hollywood,90048
Beverly Grove,90069
Beverly Hills,90069
Hollywood Hills West,90069
West Hollywood,90069
Beverly Hills,90035
Beverlywood,90035
Carthay,90035
Mid-City,90035
Pico-Robertson,90035
Beverly Hills,90067
Century City,90067
Cheviot Hills,90067
Beverly Hills,90212
Century City,90212
Pico-Robertson,90212
Westwood,90212
Beverlywood,90034
Cheviot Hills,90034
Culver City,90034
Mid-City,90034
Palms,90034
Rancho Park,90034
West Adams,90034
Beverlywood,90064
Century City,90064
Cheviot Hills,90064
Mar Vista,90064
Palms,90064
Pico-Robertson,90064
Rancho Park,90064
Santa Monica,90064
Sawtelle,90064
West Los Angeles,90064
Boyle Heights,90023
Commerce,90023
East Los Angeles,90023
Vernon,90023
Boyle Heights,90021
Central-Alameda,90021
Downtown,90021
Historic South-Central,90021
Boyle Heights,90089
Exposition Park,90089
Historic South-Central,90089
University Park,90089
Boyle Heights,90013
Downtown,90013
Boyle Heights,90063
East Los Angeles,90063
El Sereno,90063
Monterey Park,90063
Boyle Heights,90033
East Los Angeles,90033
El Sereno,90033
Lincoln Heights,90033
Boyle Heights,90012
Chinatown,90012
Downtown,90012
Echo Park,90012
Elysian Park,90012
Elysian Valley,90012
Glassell Park,90012
Lincoln Heights,90012
Boyle Heights,90031
Cypress Park,90031
El Sereno,90031
Elysian Park,90031
Elysian Valley,90031
Highland Park,90031
Lincoln Heights,90031
Montecito Heights,90031
Bradbury,91008
Duarte,91008
Monrovia,91008
Brea,92835
Fullerton,92835
La Habra,92835
Placentia,92835
Brea,92823
Placentia,92823
South Diamond Bar,92823
Yorba Linda,92823
Brea,92821
Fullerton,92821
La Habra,92821
Placentia,92821
Rowland Heights,92821
South Diamond Bar,92821
Brea,90631
East Whittier,90631
Fullerton,90631
Hacienda Heights,90631
La Habra Heights,90631
La Habra,90631
La Mirada,90631
Rowland Heights,90631
Whittier,90631
Brea,91709
Pomona,91709
South Diamond Bar,91709
Yorba Linda,91709
Brea,91748
Hacienda Heights,91748
Industry,91748
La Habra Heights,91748
Rowland Heights,91748
South Diamond Bar,91748
South San Jose Hills,91748
Brea,91765
Diamond Bar,91765
Industry,91765
Pomona,91765
Rowland Heights,91765
South Diamond Bar,91765
Brentwood,90403
Santa Monica,90403
Brentwood,90402
Pacific Palisades,90402
Santa Monica,90402
Brentwood,90025
Century City,90025
Santa Monica,90025
Sawtelle,90025
Veterans Administration,90025
West Los Angeles,90025
Westwood,90025
Brentwood,90073
Sawtelle,90073
Veterans Administration,90073
Brentwood,90272
Encino,90272
Pacific Palisades,90272
Santa Monica,90272
Tarzana,90272
Topanga,90272
Brentwood,91436
Encino,91436
Sepulveda Basin,91436
Sherman Oaks,91436
Brentwood,91316
Encino,91316
Pacific Palisades,91316
Reseda,91316
Sepulveda Basin,91316
Tarzana,91316
Broadway-Manchester,90061
Compton,90061
Green Meadows,90061
Harbor Gateway,90061
Vermont Vista,90061
West Compton,90061
Willowbrook,90061
Broadway-Manchester,90003
Florence,90003
Green Meadows,90003
South Park,90003
Vermont Knolls,90003
Vermont-Slauson,90003
Vermont Vista,90003
Buena Park,90623
Cerritos,90623
Cypress,90623
La Palma,90623
Buena Park,90638
Cerritos,90638
East Whittier,90638
Fullerton,90638
La Habra,90638
La Mirada,90638
Santa Fe Springs,90638
South Whittier,90638
Burbank,90068
Griffith Park,90068
Hollywood Hills,90068
Hollywood Hills West,90068
Hollywood,90068
Los Feliz,90068
Studio City,90068
Toluca Lake,90068
Universal City,90068
Burbank,91608
Hollywood Hills,91608
Studio City,91608
Toluca Lake,91608
Universal City,91608
Burbank,91602
North Hollywood,91602
Studio City,91602
Toluca Lake,91602
Universal City,91602
Valley Village,91602
Burbank,91601
North Hollywood,91601
Toluca Lake,91601
Valley Village,91601
Burbank,91506
Glendale,91506
Griffith Park,91506
Burbank,91505
Griffith Park,91505
Hollywood Hills,91505
North Hollywood,91505
Sun Valley,91505
Toluca Lake,91505
Burbank,91502
Glendale,91502
Burbank,91606
North Hollywood,91606
Valley Glen,91606
Burbank,91501
Glendale,91501
Shadow Hills,91501
Burbank,91504
Shadow Hills,91504
Sun Valley,91504
Burbank,91605
North Hollywood,91605
Panorama City,91605
Sun Valley,91605
Valley Glen,91605
Van Nuys,91605
Calabasas,90290
Malibu,90290
Pacific Palisades,90290
Topanga,90290
Unincorporated Santa Monica Mountains,90290
Woodland Hills,90290
Calabasas,91302
Hidden Hills,91302
Topanga,91302
Unincorporated Santa Monica Mountains,91302
Woodland Hills,91302
Calabasas,91364
Pacific Palisades,91364
Tarzana,91364
Topanga,91364
Woodland Hills,91364
Canoga Park,91367
Hidden Hills,91367
Reseda,91367
Tarzana,91367
West Hills,91367
Winnetka,91367
Woodland Hills,91367
Canoga Park,91303
West Hills,91303
Winnetka,91303
Woodland Hills,91303
Canoga Park,91307
Chatsworth,91307
West Hills,91307
Woodland Hills,91307
Canoga Park,91306
Northridge,91306
Reseda,91306
Winnetka,91306
Woodland Hills,91306
Canoga Park,91304
Chatsworth,91304
Chatsworth Reservoir,91304
West Hills,91304
Winnetka,91304
Canoga Park,91311
Chatsworth,91311
Chatsworth Reservoir,91311
Granada Hills,91311
Northridge,91311
Porter Ranch,91311
Unincorporated Santa Susana Mountains,91311
West Hills,91311
Winnetka,91311
Carson,90744
Harbor City,90744
Long Beach,90744
San Pedro,90744
Wilmington,90744
Carson,90810
Long Beach,90810
Rancho Dominguez,90810
Wilmington,90810
Carson,90745
West Carson,90745
Wilmington,90745
Carson,90746
Compton,90746
Rancho Dominguez,90746
West Compton,90746
Carson,90747
Carson,90220
Compton,90220
Rancho Dominguez,90220
West Compton,90220
Carson,90221
Compton,90221
East Compton,90221
Long Beach,90221
Lynwood,90221
Paramount,90221
Rancho Dominguez,90221
Willowbrook,90221
Carson,90710
Harbor City,90710
Lomita,90710
San Pedro,90710
Torrance,90710
West Carson,90710
Wilmington,90710
Carson,90502
Harbor Gateway,90502
West Carson,90502
Carson,90248
Compton,90248
Gardena,90248
Harbor Gateway,90248
Torrance,90248
West Compton,90248
Castaic Canyons,91355
Castaic,91355
Santa Clarita,91355
Unincorporated Santa Susana Mountains,91355
Val Verde,91355
Castaic Canyons,91350
Santa Clarita,91350
Castaic Canyons,91351
Santa Clarita,91351
Castaic Canyons,91354
Santa Clarita,91354
Castaic Canyons,91384
Castaic,91384
Hasley Canyon,91384
Ridge Route,91384
Santa Clarita,91384
Unincorporated Santa Susana Mountains,91384
Val Verde,91384
Castaic Canyons,93532
Elizabeth Lake,93532
Lake Hughes,93532
Leona Valley,93532
Northwest Antelope Valley,93532
Ridge Route,93532
Central-Alameda,90001
Florence-Firestone,90001
Florence,90001
Green Meadows,90001
Huntington Park,90001
Vernon,90001
Walnut Park,90001
Central-Alameda,90011
Downtown,90011
Florence-Firestone,90011
Florence,90011
Historic South-Central,90011
South Park,90011
Cerritos,90715
Cypress,90715
Hawaiian Gardens,90715
Lakewood,90715
Long Beach,90715
Cerritos,90670
Downey,90670
La Mirada,90670
Norwalk,90670
Pico Rivera,90670
Santa Fe Springs,90670
South Whittier,90670
West Whittier-Los Nietos,90670
Whittier,90670
Charter Oak,91724
Covina,91724
Glendora,91724
Pomona,91724
San Dimas,91724
Walnut,91724
West Covina,91724
Charter Oak,91723
Covina,91723
West Covina,91723
Chatsworth,91324
Northridge,91324
Porter Ranch,91324
Reseda,91324
Winnetka,91324
Chatsworth,91326
Granada Hills,91326
Northridge,91326
Porter Ranch,91326
Unincorporated Santa Susana Mountains,91326
Chesterfield Square,90062
Exposition Park,90062
Harvard Park,90062
Hyde Park,90062
Leimert Park,90062
Vermont-Slauson,90062
Vermont Square,90062
Claremont,91767
La Verne,91767
Pomona,91767
Claremont,91786
Cleveland National Forest,92562
Ronald W. Caspers Wilderness Park,92562
Cleveland National Forest,92530
Cleveland National Forest,92688
Coto de Caza,92688
Ladera Ranch,92688
Las Flores,92688
Mission Viejo,92688
Rancho Santa Margarita,92688
Ronald W. Caspers Wilderness Park,92688
Silverado Canyon,92688
Cleveland National Forest,92679
Coto de Caza,92679
Lake Forest,92679
Mission Viejo,92679
Rancho Santa Margarita,92679
Ronald W. Caspers Wilderness Park,92679
Silverado Canyon,92679
Whiting Ranch Wilderness Park,92679
Cleveland National Forest,92678
Rancho Santa Margarita,92678
Ronald W. Caspers Wilderness Park,92678
Silverado Canyon,92678
Cleveland National Forest,92676
Irvine,92676
Lake Forest,92676
Limestone Canyon Regional Park,92676
Orange,92676
Silverado Canyon,92676
Whiting Ranch Wilderness Park,92676
Cleveland National Forest,92883
Cleveland National Forest,92881
Cleveland National Forest,92882
Commerce,90640
East Los Angeles,90640
Montebello,90640
Monterey Park,90640
Pico Rivera,90640
Rosemead,90640
South San Gabriel,90640
Whittier Narrows,90640
Commerce,90022
East Los Angeles,90022
Montebello,90022
Monterey Park,90022
Compton,90222
Lynwood,90222
West Compton,90222
Willowbrook,90222
Compton,90059
Green Meadows,90059
Lynwood,90059
Watts,90059
West Compton,90059
Willowbrook,90059
Compton,90262
East Compton,90262
Lynwood,90262
Paramount,90262
South Gate,90262
Watts,90262
Willowbrook,90262
Costa Mesa,92663
Newport Beach,92663
Costa Mesa,92660
Irvine,92660
Newport Beach,92660
Costa Mesa,92627
Huntington Beach,92627
Newport Beach,92627
Costa Mesa,92646
Fountain Valley,92646
Huntington Beach,92646
Newport Beach,92646
Costa Mesa,92626
Huntington Beach,92626
Irvine,92626
Newport Beach,92626
Santa Ana,92626
Costa Mesa,92614
Irvine,92614
Santa Ana,92614
Costa Mesa,92707
Irvine,92707
Newport Beach,92707
Santa Ana,92707
Costa Mesa,92708
Fountain Valley,92708
Garden Grove,92708
Huntington Beach,92708
Santa Ana,92708
Westminster,92708
Costa Mesa,92704
Fountain Valley,92704
Garden Grove,92704
Santa Ana,92704
Coto de Caza,92675
Dana Point,92675
Ladera Ranch,92675
Laguna Niguel,92675
Mission Viejo,92675
Ronald W. Caspers Wilderness Park,92675
San Clemente,92675
San Juan Capistrano,92675
Covina,91791
Valinda,91791
Walnut,91791
West Covina,91791
Culver City,90045
Del Aire,90045
El Segundo,90045
Inglewood,90045
Ladera Heights,90045
Lennox,90045
Playa del Rey,90045
Playa Vista,90045
Westchester,90045
Culver City,90094
Playa del Rey,90094
Playa Vista,90094
Westchester,90094
Culver City,90292
Del Rey,90292
Marina del Rey,90292
Playa del Rey,90292
Playa Vista,90292
Venice,90292
Culver City,90056
Hyde Park,90056
Inglewood,90056
Ladera Heights,90056
View Park-Windsor Hills,90056
Westchester,90056
Culver City,90291
Del Rey,90291
Marina del Rey,90291
Mar Vista,90291
Santa Monica,90291
Venice,90291
Culver City,90230
Del Rey,90230
Ladera Heights,90230
Mar Vista,90230
Palms,90230
Playa Vista,90230
Westchester,90230
Culver City,90066
Del Rey,90066
Mar Vista,90066
Palms,90066
Playa del Rey,90066
Playa Vista,90066
Santa Monica,90066
Venice,90066
Cypress,92845
Garden Grove,92845
Los Alamitos,92845
Seal Beach,92845
Cypress,90720
Garden Grove,90720
Long Beach,90720
Los Alamitos,90720
Rossmoor,90720
Seal Beach,90720
Cypress,90808
Hawaiian Gardens,90808
Lakewood,90808
Long Beach,90808
Los Alamitos,90808
Cypress,90716
Hawaiian Gardens,90716
Lakewood,90716
Long Beach,90716
Dana Point,92672
San Clemente,92672
Dana Point,92624
San Clemente,92624
San Juan Capistrano,92624
Dana Point,92673
Ronald W. Caspers Wilderness Park,92673
San Clemente,92673
San Juan Capistrano,92673
Dana Point,92629
Laguna Beach,92629
Laguna Niguel,92629
San Juan Capistrano,92629
Del Aire,90245
El Segundo,90245
Hawthorne,90245
Manhattan Beach,90245
Playa del Rey,90245
Westchester,90245
Del Aire,90304
Hawthorne,90304
Inglewood,90304
Lennox,90304
Westchester,90304
Diamond Bar,91789
Industry,91789
Pomona,91789
Rowland Heights,91789
South Diamond Bar,91789
Walnut,91789
West Covina,91789
Diamond Bar,91766
Pomona,91766
Diamond Bar,91768
Industry,91768
La Verne,91768
Pomona,91768
San Dimas,91768
Walnut,91768
Downey,90660
Industry,90660
Montebello,90660
North Whittier,90660
Pico Rivera,90660
Santa Fe Springs,90660
West Whittier-Los Nietos,90660
Whittier,90660
Whittier Narrows,90660
Downtown,90079
Downtown,90014
Downtown,90071
Downtown,90026
East Hollywood,90026
Echo Park,90026
Elysian Park,90026
Elysian Valley,90026
Silver Lake,90026
Westlake,90026
Downtown,90015
Historic South-Central,90015
Pico-Union,90015
University Park,90015
Westlake,90015
Downtown,90017
Westlake,90017
Eagle Rock,90041
Glassell Park,90041
Glendale,90041
Highland Park,90041
Mount Washington,90041
Pasadena,90041
Eagle Rock,91205
Glassell Park,91205
Glendale,91205
Eagle Rock,91105
Glendale,91105
Highland Park,91105
Pasadena,91105
South Pasadena,91105
Eagle Rock,91206
Glendale,91206
La Canada Flintridge,91206
Pasadena,91206
Eagle Rock,90042
El Sereno,90042
Highland Park,90042
Montecito Heights,90042
Mount Washington,90042
Pasadena,90042
South Pasadena,90042
East Hollywood,90004
Hancock Park,90004
Hollywood,90004
Koreatown,90004
Larchmont,90004
Silver Lake,90004
Westlake,90004
Windsor Square,90004
East Hollywood,90038
Fairfax,90038
Hancock Park,90038
Hollywood,90038
Larchmont,90038
West Hollywood,90038
East Hollywood,90029
Los Feliz,90029
Silver Lake,90029
East Hollywood,90028
Hollywood Hills,90028
Hollywood,90028
Los Feliz,90028
West Hollywood,90028
East San Gabriel,91770
El Monte,91770
Montebello,91770
Monterey Park,91770
Rosemead,91770
San Gabriel,91770
South El Monte,91770
South San Gabriel,91770
Temple City,91770
Whittier Narrows,91770
East Whittier,90604
La Habra,90604
La Mirada,90604
South Whittier,90604
Whittier,90604
East Whittier,90603
La Habra Heights,90603
La Habra,90603
South Whittier,90603
Whittier,90603
Echo Park,90090
Elysian Park,90090
El Segundo,90266
Hawthorne,90266
Hermosa Beach,90266
Manhattan Beach,90266
Redondo Beach,90266
El Segundo,90293
Marina del Rey,90293
Playa del Rey,90293
Playa Vista,90293
Venice,90293
Westchester,90293
Encino,91356
Pacific Palisades,91356
Tarzana,91356
Woodland Hills,91356
Encino,91406
Lake Balboa,91406
North Hills,91406
Northridge,91406
Panorama City,91406
Reseda,91406
Sepulveda Basin,91406
Sherman Oaks,91406
Van Nuys,91406
Encino,91335
Lake Balboa,91335
Northridge,91335
Reseda,91335
Sepulveda Basin,91335
Tarzana,91335
Winnetka,91335
Woodland Hills,91335
Exposition Park,90037
Florence,90037
Historic South-Central,90037
South Park,90037
Vermont-Slauson,90037
Vermont Square,90037
Florence-Firestone,90002
Florence,90002
Green Meadows,90002
Lynwood,90002
South Gate,90002
Watts,90002
Fountain Valley,92647
Huntington Beach,92647
Midway City,92647
Westminster,92647
Fountain Valley,92683
Garden Grove,92683
Huntington Beach,92683
Midway City,92683
Seal Beach,92683
Westminster,92683
Fountain Valley,92843
Garden Grove,92843
Orange,92843
Santa Ana,92843
Westminster,92843
Garden Grove,92703
Santa Ana,92703
Garden Grove,90740
Huntington Beach,90740
Long Beach,90740
Los Alamitos,90740
Rossmoor,90740
Seal Beach,90740
Westminster,90740
Garden Grove,92844
Stanton,92844
Westminster,92844
Garden Grove,92706
Orange,92706
Santa Ana,92706
Glendale,91210
Glendale,91207
Glendale,91208
La Canada Flintridge,91208
Glendale,91046
Glendale,91020
La Canada Flintridge,91020
La Crescenta-Montrose,91020
Glendale,91011
La Canada Flintridge,91011
La Crescenta-Montrose,91011
Pasadena,91011
Tujunga Canyons,91011
Glendale,91214
La Canada Flintridge,91214
La Crescenta-Montrose,91214
Shadow Hills,91214
Tujunga Canyons,91214
Tujunga,91214
Glendale,91042
Lake View Terrace,91042
Shadow Hills,91042
Sunland,91042
Tujunga Canyons,91042
Tujunga,91042
Glendale,91203
Glendale,91202
Gramercy Park,90305
Hyde Park,90305
Inglewood,90305
Manchester Square,90305
Westmont,90305
Granada Hills,91325
Lake Balboa,91325
North Hills,91325
Northridge,91325
Porter Ranch,91325
Reseda,91325
Granada Hills,91343
Lake Balboa,91343
Mission Hills,91343
North Hills,91343
Northridge,91343
Panorama City,91343
Van Nuys,91343
Granada Hills,91330
Northridge,91330
Granada Hills,91344
Mission Hills,91344
North Hills,91344
Northridge,91344
Porter Ranch,91344
Sylmar,91344
Unincorporated Santa Susana Mountains,91344
Granada Hills,91342
Hansen Dam,91342
Lake View Terrace,91342
Lopez/Kagel Canyons,91342
Pacoima,91342
San Fernando,91342
Shadow Hills,91342
Sunland,91342
Sylmar,91342
Tujunga Canyons,91342
Unincorporated Santa Susana Mountains,91342
Hacienda Heights,90605
La Habra Heights,90605
La Mirada,90605
Santa Fe Springs,90605
South Whittier,90605
Whittier,90605
Hancock Park,90005
Koreatown,90005
Mid-Wilshire,90005
Westlake,90005
Windsor Square,90005
Hancock Park,90010
Koreatown,90010
Mid-Wilshire,90010
Windsor Square,90010
Hancock Park,90020
Koreatown,90020
Westlake,90020
Windsor Square,90020
Hansen Dam,91040
Lake View Terrace,91040
Shadow Hills,91040
Sunland,91040
Tujunga Canyons,91040
Tujunga,91040
Harbor City,90731
Long Beach,90731
San Pedro,90731
Wilmington,90731
Harbor City,90732
Lomita,90732
Rancho Palos Verdes,90732
San Pedro,90732
Wilmington,90732
Harbor City,90717
Lomita,90717
Rancho Palos Verdes,90717
Rolling Hills Estates,90717
Torrance,90717
Harbor City,90501
Harbor Gateway,90501
Lomita,90501
Torrance,90501
West Carson,90501
Harvard Heights,90006
Koreatown,90006
Pico-Union,90006
Westlake,90006
Hawthorne,90278
Hermosa Beach,90278
Lawndale,90278
Manhattan Beach,90278
Redondo Beach,90278
Torrance,90278
Hawthorne,90303
Inglewood,90303
Lennox,90303
Westmont,90303
Hermosa Beach,90277
Palos Verdes Estates,90277
Redondo Beach,90277
Torrance,90277
Hermosa Beach,90254
Manhattan Beach,90254
Redondo Beach,90254
Huntington Beach,92648
Huntington Beach,90742
Huntington Beach,92649
Seal Beach,92649
Huntington Beach,90743
Seal Beach,90743
Hyde Park,90302
Inglewood,90302
Ladera Heights,90302
Westchester,90302
Industry,91792
South San Jose Hills,91792
Valinda,91792
Walnut,91792
West Covina,91792
Inglewood,90301
Lennox,90301
Westchester,90301
Irvine,92657
Laguna Coast Wilderness Park,92657
Newport Beach,92657
Irvine,92630
Laguna Hills,92630
Lake Forest,92630
Mission Viejo,92630
Irvine,92617
Newport Beach,92617
Irvine,92612
Newport Beach,92612
Irvine,92618
Laguna Coast Wilderness Park,92618
Laguna Hills,92618
Laguna Woods,92618
Lake Forest,92618
Silverado Canyon,92618
Irvine,92604
Irvine,92610
Lake Forest,92610
Limestone Canyon Regional Park,92610
Silverado Canyon,92610
Whiting Ranch Wilderness Park,92610
Irvine,92606
Santa Ana,92606
Tustin,92606
Irvine,92620
Silverado Canyon,92620
Irvine,92780
North Tustin,92780
Orange,92780
Santa Ana,92780
Tustin,92780
Irvine,92782
North Tustin,92782
Orange,92782
Tustin,92782
Irvine,92705
North Tustin,92705
Orange,92705
Santa Ana,92705
Tustin,92705
Irvine,92602
Orange,92602
Silverado Canyon,92602
Tustin,92602
Ladera Ranch,92694
Las Flores,92694
Mission Viejo,92694
Ronald W. Caspers Wilderness Park,92694
Ladera Ranch,92692
Las Flores,92692
Mission Viejo,92692
Rancho Santa Margarita,92692
San Juan Capistrano,92692
Laguna Hills,92691
Lake Forest,92691
Mission Viejo,92691
Lake Hughes,93536
Lancaster,93536
Northeast Antelope Valley,93536
Northwest Antelope Valley,93536
Northwest Palmdale,93536
Palmdale,93536
Quartz Hill,93536
Ridge Route,93536
Lake Los Angeles,93591
Lancaster,93591
Northeast Antelope Valley,93591
Palmdale,93591
Sun Village,93591
Lake Los Angeles,93535
Lancaster,93535
Northeast Antelope Valley,93535
Palmdale,93535
Lakewood,90807
Long Beach,90807
Signal Hill,90807
Lancaster,93534
Northeast Antelope Valley,93534
Northwest Antelope Valley,93534
Lomita,90275
Palos Verdes Estates,90275
Rancho Palos Verdes,90275
Rolling Hills Estates,90275
Rolling Hills,90275
San Pedro,90275
Lomita,90274
Palos Verdes Estates,90274
Rancho Palos Verdes,90274
Rolling Hills Estates,90274
Rolling Hills,90274
Torrance,90274
Lomita,90505
Palos Verdes Estates,90505
Redondo Beach,90505
Rolling Hills Estates,90505
Torrance,90505
Long Beach,90802
San Pedro,90802
Wilmington,90802
Long Beach,90803
Seal Beach,90803
Long Beach,90831
Long Beach,90814
Long Beach,90822
Long Beach,90813
Wilmington,90813
Long Beach,90804
Signal Hill,90804
Long Beach,90815
Los Alamitos,90815
Seal Beach,90815
Signal Hill,90815
Long Beach,90755
Signal Hill,90755
Long Beach,90806
Signal Hill,90806
Malibu,90263
Unincorporated Santa Monica Mountains,90263
Malibu,90265
Pacific Palisades,90265
Topanga,90265
Unincorporated Santa Monica Mountains,90265
Westlake Village,90265
Mar Vista,90405
Santa Monica,90405
Sawtelle,90405
Venice,90405
Midway City,92655
Westminster,92655
Mission Hills,91340
Pacoima,91340
San Fernando,91340
Sylmar,91340
Newport Beach,92661
Newport Beach,92625
Newport Beach,92662
Northeast Antelope Valley,92371
Northeast Antelope Valley,92372
Southeast Antelope Valley,92372
Northeast Antelope Valley,93544
Southeast Antelope Valley,93544
Northeast Antelope Valley,92301
Northeast Antelope Valley,93560
Northwest Antelope Valley,93560
North Hollywood,91607
Sherman Oaks,91607
Studio City,91607
Valley Glen,91607
Valley Village,91607
North Tustin,92869
Orange,92869
Silverado Canyon,92869
Villa Park,92869
Northwest Antelope Valley,93243
Ridge Route,93243
North Whittier,90602
Santa Fe Springs,90602
South Whittier,90602
Whittier,90602
Orange,92866
Santa Ana,92866
Tustin,92866
Orange,92861
Villa Park,92861
Panorama City,91405
Sun Valley,91405
Valley Glen,91405
Van Nuys,91405
Pasadena,91106
San Marino,91106
South Pasadena,91106
Pasadena,91101
Pico Rivera,90606
Santa Fe Springs,90606
West Whittier-Los Nietos,90606
Whittier,90606
Pomona,91710
Pomona,91763
Redondo Beach,90503
Torrance,90503
Ridge Route,93040
Ridge Route,93225
Ridge Route,93252
Ronald W. Caspers Wilderness Park,92055
San Clemente,92055
Santa Ana,92701
Tustin,92701
Santa Clarita,91321
Sylmar,91321
Tujunga Canyons,91321
Unincorporated Santa Susana Mountains,91321
Santa Clarita,91381
Stevenson Ranch,91381
Unincorporated Santa Susana Mountains,91381
Santa Monica,90401
Santa Monica,90404
Sawtelle,90404
Sepulveda Basin,91411
Sherman Oaks,91411
Van Nuys,91411
Sherman Oaks,91401
Valley Glen,91401
Valley Village,91401
Van Nuys,91401
Unincorporated Santa Susana Mountains,93063
Westlake,90057
Winnetka,91371
Woodland Hills,91371
